"id","id_playlist","id_musica"
1,"2DaBOhl0FVRgMuebKTMSD4","073yIM7v2j6XadD4Nkn0Fh"
2,"2DaBOhl0FVRgMuebKTMSD4","3IAfUEeaXRX9s9UdKOJrFI"
3,"2DaBOhl0FVRgMuebKTMSD4","1Rs8mULjCbEo0ko7Ckx6Vi"
4,"2DaBOhl0FVRgMuebKTMSD4","1QxIFMs4M8qd5cbJJu80v4"
5,"2DaBOhl0FVRgMuebKTMSD4","4xF4WcJvNfgtJ2CtmbbsIg"
6,"2DaBOhl0FVRgMuebKTMSD4","5fwSHlTEWpluwOM0Sxnh5k"
7,"2DaBOhl0FVRgMuebKTMSD4","6mmPpaltUZK7xjNlBPQQ0p"
8,"2DaBOhl0FVRgMuebKTMSD4","6HMtHNpW6YPi1hrw9tgF8P"
9,"2DaBOhl0FVRgMuebKTMSD4","5Tmjre46yj0r1lBjS9abe9"
10,"2DaBOhl0FVRgMuebKTMSD4","40sRwFjfrRnaTdYPJIg4CP"
11,"2DaBOhl0FVRgMuebKTMSD4","4ymz9jrj3HKWBBSYeWcxqh"
12,"2DaBOhl0FVRgMuebKTMSD4","4PKvKkQ9nnU8BVcTqve2WB"
13,"2DaBOhl0FVRgMuebKTMSD4","1BXAyGazbybUVNQ0VmGsdl"
14,"2DaBOhl0FVRgMuebKTMSD4","23khhseCLQqVMCIT1WMAns"
15,"2DaBOhl0FVRgMuebKTMSD4","1Ma1JqyeNg7RVdeTlYP5AN"
16,"2DaBOhl0FVRgMuebKTMSD4","79wvYwZgtfcnCwBI8XIep8"
17,"2DaBOhl0FVRgMuebKTMSD4","2tVJpUamLfNdUI7SiyPIFF"
18,"2DaBOhl0FVRgMuebKTMSD4","0tcNM9PPdMYv9S3tjuZSyV"
19,"2DaBOhl0FVRgMuebKTMSD4","2aI21FnmY7TJVKeMaoQZ0t"
20,"2DaBOhl0FVRgMuebKTMSD4","67vYdAAM3oGsEImCRfbtsF"
21,"2DaBOhl0FVRgMuebKTMSD4","0BCPKOYdS2jbQ8iyB56Zns"
22,"2DaBOhl0FVRgMuebKTMSD4","4zdaqhDpl2pXrwTsqbqRG8"
23,"2DaBOhl0FVRgMuebKTMSD4","6pvqBIceXlX3zC09vqHOEo"
24,"2DaBOhl0FVRgMuebKTMSD4","3pD0f7hSJg2XdQ6udw5Tey"
25,"2DaBOhl0FVRgMuebKTMSD4","75rGONmoi48LLYBFaGiYsv"
26,"2DaBOhl0FVRgMuebKTMSD4","18ywhG9EvuMMUIdUWxEqp7"
27,"2DaBOhl0FVRgMuebKTMSD4","4o0LyB69tylqDG6eTGhmig"
28,"2DaBOhl0FVRgMuebKTMSD4","4MzXwWMhyBbmu6hOcLVD49"
29,"2DaBOhl0FVRgMuebKTMSD4","7stcuQtnHL7C6XdPvpwywv"
30,"2DaBOhl0FVRgMuebKTMSD4","2Iyfw8YfKruAagJwGc4G07"
31,"2DaBOhl0FVRgMuebKTMSD4","0BomfsUcw03fQPKK668Etn"
32,"2DaBOhl0FVRgMuebKTMSD4","745YGJ8otAdLnrU8fzXZMf"
33,"2DaBOhl0FVRgMuebKTMSD4","70AYiGbc4mWZGEqiipBBDb"
34,"2DaBOhl0FVRgMuebKTMSD4","1yupbrI7ROhigIHpQBevPh"
35,"2DaBOhl0FVRgMuebKTMSD4","4os68qINs29EvlHxXmsjVG"
36,"2DaBOhl0FVRgMuebKTMSD4","1vq1KgeHuDaS3qyhwfpF0P"
37,"2DaBOhl0FVRgMuebKTMSD4","0h9fnCSnbUgOEgibnQByFv"
38,"2DaBOhl0FVRgMuebKTMSD4","6Tdkyq2BxDIRjwtXvR1ZWP"
39,"2DaBOhl0FVRgMuebKTMSD4","0gzqZ9d1jIKo9psEIthwXe"
40,"2DaBOhl0FVRgMuebKTMSD4","1LBWVVGfTCr8EYNSd92W81"
41,"2DaBOhl0FVRgMuebKTMSD4","1lPFRP15jhkMnjpdl23c2X"
42,"2DaBOhl0FVRgMuebKTMSD4","0b11D9D0hMOYCIMN3OKreM"
43,"2DaBOhl0FVRgMuebKTMSD4","67zr6xdiSAhsuyvL2Dczc1"
44,"2DaBOhl0FVRgMuebKTMSD4","4Ojwbj9OGwenMdwoq4UU1W"
45,"2DaBOhl0FVRgMuebKTMSD4","2JPLbjOn0wPCngEot2STUS"
46,"2DaBOhl0FVRgMuebKTMSD4","0bBd6K5X4W7t9GyXcaVOA7"
47,"2DaBOhl0FVRgMuebKTMSD4","5FZPZNVIj2UPm2dJTlYdyM"
48,"2DaBOhl0FVRgMuebKTMSD4","4DdD88ps8wnB4pHqMDgQnk"
49,"2DaBOhl0FVRgMuebKTMSD4","6UUEP3mPXDGp38dzQex0ef"
50,"2DaBOhl0FVRgMuebKTMSD4","2IIBSwTxmaff30n4GTs7Gv"
51,"2DaBOhl0FVRgMuebKTMSD4","6RL874lg82xKIK67y7cmdL"
52,"2DaBOhl0FVRgMuebKTMSD4","0xfMlIW8lS40qvpsUw1l0X"
53,"2DaBOhl0FVRgMuebKTMSD4","5ildQOEKmJuWGl2vRkFdYc"
54,"2DaBOhl0FVRgMuebKTMSD4","6WkJ2OK163XXS2oARUC9JM"
55,"2DaBOhl0FVRgMuebKTMSD4","6KNLUSRViRg5bG0E1y1feX"
56,"2DaBOhl0FVRgMuebKTMSD4","6K8MYTkn5mZzF6p14hV5cj"
57,"2DaBOhl0FVRgMuebKTMSD4","2QjOHCTQ1Jl3zawyYOpxh6"
58,"2DaBOhl0FVRgMuebKTMSD4","60hwCyAHX9zdcUyALMOIV4"
59,"2DaBOhl0FVRgMuebKTMSD4","2erg7Xduc8OHhkLepV4eER"
60,"2DaBOhl0FVRgMuebKTMSD4","3132j0P8NEPDvRxnEHjHtv"
61,"2DaBOhl0FVRgMuebKTMSD4","1bx7OUl2UmAnA5oZkm9If7"
62,"2DaBOhl0FVRgMuebKTMSD4","0dyRc3jZrdywX7Cosd9ZFV"
63,"2DaBOhl0FVRgMuebKTMSD4","0HgtzcG4DIziiFlg50SiAC"
64,"2DaBOhl0FVRgMuebKTMSD4","43I0E943aSF6HMWPXcjLrw"
65,"2DaBOhl0FVRgMuebKTMSD4","1SgUjGzbmmMOsGFTVwQ59L"
66,"2DaBOhl0FVRgMuebKTMSD4","4gXjRoMPoTdK8giycHxkLY"
67,"2DaBOhl0FVRgMuebKTMSD4","6kvgeyNduS0YwPKPc6hOmH"
68,"2DaBOhl0FVRgMuebKTMSD4","76JfD8gFnMISdAnSbe3ND3"
69,"2DaBOhl0FVRgMuebKTMSD4","66Q3fAmSX5eHamgbKa9alP"
70,"2DaBOhl0FVRgMuebKTMSD4","2VIJvb5Zzba76k3L48mS0Y"
71,"2DaBOhl0FVRgMuebKTMSD4","18yegkWg1YLPFCgif8XfaE"
72,"2DaBOhl0FVRgMuebKTMSD4","2YG8An3j5Nj4jFaiU2Po7T"
73,"2DaBOhl0FVRgMuebKTMSD4","2ahnofp2LbBWDXcJbMaSTu"
74,"2DaBOhl0FVRgMuebKTMSD4","27NovPIUIRrOZoCHxABJwK"
75,"2DaBOhl0FVRgMuebKTMSD4","44alNkXsYnTyPnkMdohBcx"
76,"2DaBOhl0FVRgMuebKTMSD4","4rOhAvDFLksOVSclsjWpfg"
77,"2DaBOhl0FVRgMuebKTMSD4","5vTSnZTmS1gMiWuA9kDE19"
78,"2DaBOhl0FVRgMuebKTMSD4","7i2DJ88J7jQ8K7zqFX2fW8"
79,"2DaBOhl0FVRgMuebKTMSD4","1hT3eaGzrcFriQtgGdvsZv"
80,"2DaBOhl0FVRgMuebKTMSD4","2dko6SBrbxHL3431pvv7Zy"
81,"2DaBOhl0FVRgMuebKTMSD4","7KokYm8cMIXCsGVmUvKtqf"
82,"2DaBOhl0FVRgMuebKTMSD4","2PDM9Byxz5crB2IXuh2Oal"
83,"2DaBOhl0FVRgMuebKTMSD4","1HdLKOF5zmGK7hYDBQGiJr"
84,"2DaBOhl0FVRgMuebKTMSD4","1TYlXRabF5SOS7N4YjlGAE"
85,"2DaBOhl0FVRgMuebKTMSD4","1Lgvs8WzpPbT5VuUFIAJwt"
86,"2DaBOhl0FVRgMuebKTMSD4","3nEHrvNNtgLv9rneTAYVr4"
87,"2DaBOhl0FVRgMuebKTMSD4","0ad5utq7FrurJIMujXWBwy"
88,"2DaBOhl0FVRgMuebKTMSD4","3gkiUzAUBH035zRHy7KyJg"
89,"2DaBOhl0FVRgMuebKTMSD4","5r5cp9IpziiIsR6b93vcnQ"
90,"2DaBOhl0FVRgMuebKTMSD4","7BveAaCLwD7QSKOtKAolgY"
91,"2DaBOhl0FVRgMuebKTMSD4","3fQURzoTMXzQlHy2Wsi9mB"
92,"2DaBOhl0FVRgMuebKTMSD4","00bz5bGRGFMfACJWfhMSxx"
93,"2DaBOhl0FVRgMuebKTMSD4","23S28nUehv2TVBQx3JtIOl"
94,"2DaBOhl0FVRgMuebKTMSD4","7AWcvO4YbXqqeglNFgxH5l"
95,"2DaBOhl0FVRgMuebKTMSD4","4uUG5RXrOk84mYEfFvj3cK"
96,"2DaBOhl0FVRgMuebKTMSD4","0U1W2LZVUX7qTm7dDpqxh6"
97,"2DaBOhl0FVRgMuebKTMSD4","1v0uVPU6BWcbog5BiWLWVa"
98,"2DaBOhl0FVRgMuebKTMSD4","0NedagWq1HC39uEkPGL7uO"
99,"2DaBOhl0FVRgMuebKTMSD4","62MosvjGMQY3HeGPFEsmM1"
100,"2DaBOhl0FVRgMuebKTMSD4","3DvqF2guYuolAC6wNL7UZp"
101,"2DaBOhl0FVRgMuebKTMSD4","6QGCHPgsXGj1wDzcpUpEUk"
102,"2DwHb7MbOApxeI9bbPnT4U","15TXFTdwGEEL4jH9erTRnK"
103,"2DwHb7MbOApxeI9bbPnT4U","0PaS3ff0mRTXtVgKMBWDvv"
104,"2DwHb7MbOApxeI9bbPnT4U","6kZsTttxl7h4BLGSRWQnTp"
105,"2DwHb7MbOApxeI9bbPnT4U","5gCNf9wMVrYuM2fvfgLTlF"
106,"2DwHb7MbOApxeI9bbPnT4U","43nbNCD4RUkIfxa64HTEw4"
107,"2DwHb7MbOApxeI9bbPnT4U","31ABtQJdfloNaGz7ZhXaN5"
108,"2DwHb7MbOApxeI9bbPnT4U","6EeuY84I1Q3UJvpPN6iSzw"
109,"2DwHb7MbOApxeI9bbPnT4U","2FYGZDfsAnNsrm1gVbyKnG"
110,"2DwHb7MbOApxeI9bbPnT4U","15XYk3pqoI930QnqibExiy"
111,"2DwHb7MbOApxeI9bbPnT4U","5FWoBviZ0S6pNT1x0u0oxU"
112,"2DwHb7MbOApxeI9bbPnT4U","1GsSM1Fju5J1Fsu51jEsTg"
113,"2DwHb7MbOApxeI9bbPnT4U","7qG7bsMPOmiMt0uT13cLx5"
114,"2DwHb7MbOApxeI9bbPnT4U","3WcVlo61iEyECjLoPmar6D"
115,"2DwHb7MbOApxeI9bbPnT4U","2OXc8QcD79G6cnvign3cW1"
116,"2DwHb7MbOApxeI9bbPnT4U","66fCNfMdIKsXOnSphorrwg"
117,"2DwHb7MbOApxeI9bbPnT4U","6AerqwCmIFR3qqiskGzsYA"
118,"2DwHb7MbOApxeI9bbPnT4U","2r2l2KmLnaULSmaeB7Df8b"
119,"2DwHb7MbOApxeI9bbPnT4U","70AYiGbc4mWZGEqiipBBDb"
120,"2DwHb7MbOApxeI9bbPnT4U","5dEJc0rHuTVxtl1xljDbRv"
121,"2DwHb7MbOApxeI9bbPnT4U","4xZYQAp9JlqvS60Yz0ThSe"
122,"2DwHb7MbOApxeI9bbPnT4U","5sutBMiOiUbW19aLnmsGIj"
123,"2DwHb7MbOApxeI9bbPnT4U","78I8jaChZbPu72bIGGPMKk"
124,"2DwHb7MbOApxeI9bbPnT4U","7I8UTLiBA1ptFm04WulwhH"
125,"2DwHb7MbOApxeI9bbPnT4U","5W2s4S60GoNsUthU51aUb8"
126,"2DwHb7MbOApxeI9bbPnT4U","3O0vXV23MIAycp16JJfz2R"
127,"2DwHb7MbOApxeI9bbPnT4U","1Hohk6AufHZOrrhMXZppax"
128,"2DwHb7MbOApxeI9bbPnT4U","3YIUqLDJAlre1mfM5DvM3O"
129,"2DwHb7MbOApxeI9bbPnT4U","2AuwQ8Fjkvfidwq8AAZXpy"
130,"2DwHb7MbOApxeI9bbPnT4U","0DA5jrXvP8ji5bULZWKWq7"
131,"2DwHb7MbOApxeI9bbPnT4U","4QlMiL1BPCBzLfn1XbSkpg"
132,"2DwHb7MbOApxeI9bbPnT4U","3F2oDw99SMB0c0zIIWMIpd"
133,"2DwHb7MbOApxeI9bbPnT4U","1uJKTRjp5WxzrWwfElOZDp"
134,"2DwHb7MbOApxeI9bbPnT4U","75R9r0o1HzUEYlBc2cBj2S"
135,"2DwHb7MbOApxeI9bbPnT4U","6hH6QJ9ZAO0Z6m7PfvLoXW"
136,"2DwHb7MbOApxeI9bbPnT4U","6qXcX5uTDYKCqYuqnf5C7U"
137,"2DwHb7MbOApxeI9bbPnT4U","3QK2bbLCTGoFXFt64e5TBY"
138,"2DwHb7MbOApxeI9bbPnT4U","7MRVvdYpEt0hdVigHOys6k"
139,"2DwHb7MbOApxeI9bbPnT4U","4kXxEhuatrvwrTQycA7s9B"
140,"2DwHb7MbOApxeI9bbPnT4U","0TNVHzBcohllSBliWc9HVk"
141,"2DwHb7MbOApxeI9bbPnT4U","24dm8rq20ZjM0RdqvAZH5T"
142,"2DwHb7MbOApxeI9bbPnT4U","0nh79vvOFQlp6GHBjGObOD"
143,"2DwHb7MbOApxeI9bbPnT4U","5WxYU8RRzy5X0kC6Fx9SpI"
144,"2DwHb7MbOApxeI9bbPnT4U","28xeM58xfbn0ahMEfjAsHP"
145,"2DwHb7MbOApxeI9bbPnT4U","14MmpI6ZOB9QaetEIPSzqB"
146,"2DwHb7MbOApxeI9bbPnT4U","3BQPPsoxlhuSIEPlNRHHZt"
147,"2DwHb7MbOApxeI9bbPnT4U","4Dvkj6JhhA12EX05fT7y2e"
148,"2DwHb7MbOApxeI9bbPnT4U","0ByTfwoYWdom6GlQ9BIdv2"
149,"2DwHb7MbOApxeI9bbPnT4U","5n2xMZmypRAUKW4PkTMy9A"
150,"2DwHb7MbOApxeI9bbPnT4U","6ygEPi8EtVkUO0Xarcgs63"
151,"2DwHb7MbOApxeI9bbPnT4U","6ehHe570Gv2aPvqCpmmJSZ"
152,"2DwHb7MbOApxeI9bbPnT4U","3xqtvSfofDvSMVwwSbuvKi"
153,"2DwHb7MbOApxeI9bbPnT4U","03yR4z1jANazJTWMjX3rtw"
154,"2DwHb7MbOApxeI9bbPnT4U","4kroNlz8BTfswE4M0i3YCh"
155,"2DwHb7MbOApxeI9bbPnT4U","7iqQz931tn59mK6IZ3knRx"
156,"2DwHb7MbOApxeI9bbPnT4U","0mjDJiWmZ548y9EUnogCP1"
157,"2DwHb7MbOApxeI9bbPnT4U","2jqG9MUoQetRiQPqBUBLqX"
158,"2DwHb7MbOApxeI9bbPnT4U","15pRGUlhmCxtewBs42ui1N"
159,"2DwHb7MbOApxeI9bbPnT4U","7fvTXmlzhOUE7WUD6aJC4N"
160,"2DwHb7MbOApxeI9bbPnT4U","1r4MvTc1gwfHdt2TuMMYx0"
161,"2DwHb7MbOApxeI9bbPnT4U","1adTI5oaPlDMOHgTL4nzzZ"
162,"2DwHb7MbOApxeI9bbPnT4U","7H7SHw3YWXhb4zYqyoPNa1"
163,"2DwHb7MbOApxeI9bbPnT4U","0H9k5RFDiHzL0WTPBk7Xz8"
164,"2DwHb7MbOApxeI9bbPnT4U","4EgGFRir6rg8sUSZewSrSg"
165,"2DwHb7MbOApxeI9bbPnT4U","1CWkb6uHs2tZnSOtR1mi6z"
166,"2DwHb7MbOApxeI9bbPnT4U","6N4ioa3XSbvjmwdVEERl8F"
167,"2DwHb7MbOApxeI9bbPnT4U","3BkEfblB3SnN52rRNwyPZv"
168,"2DwHb7MbOApxeI9bbPnT4U","51DyRlPy8pLq98H2f2g3pa"
169,"2DwHb7MbOApxeI9bbPnT4U","6JjISShxjXOGx8C40pBtQJ"
170,"2DwHb7MbOApxeI9bbPnT4U","0mKGwFMHzTprtS2vpR3b6s"
171,"2DwHb7MbOApxeI9bbPnT4U","6tDbJIKGcfSWElhmtt6665"
172,"2DwHb7MbOApxeI9bbPnT4U","7lRy1QQG9H7LwjOK5gQNSB"
173,"2DwHb7MbOApxeI9bbPnT4U","1nLaoWVhNRZ38irY0LZjL6"
174,"2DwHb7MbOApxeI9bbPnT4U","069LHKgjOwo1sXUztAPHIj"
175,"2DwHb7MbOApxeI9bbPnT4U","1w7cgGZR86yWz1pA2puVJD"
176,"2DwHb7MbOApxeI9bbPnT4U","5EHW5jeLxiKCExufY8nZzY"
177,"2DwHb7MbOApxeI9bbPnT4U","534d5ANGf0pWmCe0KNTD6F"
178,"2DwHb7MbOApxeI9bbPnT4U","6Y46tOTRhkBamosyuWa6YX"
179,"2DwHb7MbOApxeI9bbPnT4U","1v9qtgK17jvTgBUCLzMeIF"
180,"2DwHb7MbOApxeI9bbPnT4U","5q9F2CNzrrNQMM7l62S2c6"
181,"2DwHb7MbOApxeI9bbPnT4U","7mg5wIB2b6D5K5mOhALKxs"
182,"2DwHb7MbOApxeI9bbPnT4U","7j3nbSiaWphYU2cFgyQXd9"
183,"2DwHb7MbOApxeI9bbPnT4U","5HqP2ewvvut1OAZAZRhNm8"
184,"2DwHb7MbOApxeI9bbPnT4U","3X79t87FTGuDbrA6g2ke5R"
185,"2DwHb7MbOApxeI9bbPnT4U","344VMZslWZrTMBjwk7sBH6"
186,"2DwHb7MbOApxeI9bbPnT4U","6FPw780c3azvSQXDuV5Z52"
187,"2DwHb7MbOApxeI9bbPnT4U","5guwpkhQxfe25YB9ErXqGY"
188,"2DwHb7MbOApxeI9bbPnT4U","2wcrQZ7ZJolYEfIaPP9yL4"
189,"2DwHb7MbOApxeI9bbPnT4U","4LIIWJjlXMftVKMQWUrxKO"
190,"2DwHb7MbOApxeI9bbPnT4U","5cyKYhm8vo5edvuT5tIuQ6"
191,"2DwHb7MbOApxeI9bbPnT4U","0hp5IJ83YpnglsrvGfIhIN"
192,"2DwHb7MbOApxeI9bbPnT4U","137DwYy2eUFxp9j4ta3KWU"
193,"2DwHb7MbOApxeI9bbPnT4U","3jIzAeh7fhe70umAJrY3Fk"
194,"2DwHb7MbOApxeI9bbPnT4U","5qspeKX1xBacLJMm2t3Yc0"
195,"2DwHb7MbOApxeI9bbPnT4U","3Ju42J1sFmVpxkGGSFpcWb"
196,"2DwHb7MbOApxeI9bbPnT4U","5bZCPryqByxbKAnF2bHons"
197,"2DwHb7MbOApxeI9bbPnT4U","2MismgPSA3HxJUEV2pEl25"
198,"2DwHb7MbOApxeI9bbPnT4U","1utTJXz5WzG0tONsJYKywl"
199,"2DwHb7MbOApxeI9bbPnT4U","15hl5FGO5b5ChONsKTLvde"
200,"2DwHb7MbOApxeI9bbPnT4U","1YlGZLo4J0URBx31Qvd5zg"
201,"2DwHb7MbOApxeI9bbPnT4U","0FINLDdMl8lPmSAPy0vhib"
202,"2DwHb7MbOApxeI9bbPnT4U","7xdHw4C522RbsxHL9KD9L6"
203,"2EsDQ5HR1w6CaZqFFRlvFw","4t2UZTxjMqQSGJ5s2qQQzd"
204,"2EsDQ5HR1w6CaZqFFRlvFw","2dkea0PAubHwmNndWMdaT3"
205,"2EsDQ5HR1w6CaZqFFRlvFw","5tUeXRC4wALw1tbdkBHvB1"
206,"2EsDQ5HR1w6CaZqFFRlvFw","0w04GDhKPgk1RS9WUuoFHL"
207,"2EsDQ5HR1w6CaZqFFRlvFw","2JB0TxG3w6IE8iq2Cg9EMg"
208,"2EsDQ5HR1w6CaZqFFRlvFw","2BjbG541dRwGhaketIPEXI"
209,"2EsDQ5HR1w6CaZqFFRlvFw","6nkoWsFZeFt5dUdNmlIceh"
210,"2EsDQ5HR1w6CaZqFFRlvFw","5VTjBl3ddZEiG2LrH4VzyR"
211,"2EsDQ5HR1w6CaZqFFRlvFw","1zrfj0U9iWuOA7S3K4Adcl"
212,"2EsDQ5HR1w6CaZqFFRlvFw","6NBF1PBifpgrbnHTbvy595"
213,"2EsDQ5HR1w6CaZqFFRlvFw","36wm1WBVArEbnIgtkT3abj"
214,"2EsDQ5HR1w6CaZqFFRlvFw","1oriWaCs848CzMwAh3iQIv"
215,"2EsDQ5HR1w6CaZqFFRlvFw","0udrtBC4E19RBX33bdQPLo"
216,"2EsDQ5HR1w6CaZqFFRlvFw","1Fe0Z2hDoKhXlQQ7MfwIJc"
217,"2EsDQ5HR1w6CaZqFFRlvFw","3Kk5YDf8pTK4TwQyWkBex5"
218,"2EsDQ5HR1w6CaZqFFRlvFw","4APjoR6Fmrrl707Z1cShHS"
219,"2EsDQ5HR1w6CaZqFFRlvFw","2wSCalnGOnXdAJC0Fn8OUY"
220,"2EsDQ5HR1w6CaZqFFRlvFw","2hV1L2EMEFrpscEcwuYgnu"
221,"2EsDQ5HR1w6CaZqFFRlvFw","4wsQ8QosIoFCIeLuGUPtDW"
222,"2EsDQ5HR1w6CaZqFFRlvFw","3vXnuFnC5RhPGwsFi0ORcI"
223,"2EsDQ5HR1w6CaZqFFRlvFw","2KmoqNPLiFg07KmSvUsVCQ"
224,"2EsDQ5HR1w6CaZqFFRlvFw","3IfRnwGbqen0CcDpyjxMJ8"
225,"2EsDQ5HR1w6CaZqFFRlvFw","72g37RoelSnovZakG5MwnF"
226,"2EsDQ5HR1w6CaZqFFRlvFw","2RGIuYTsyyHoOCqW0krvNE"
227,"2EsDQ5HR1w6CaZqFFRlvFw","3IMLoeLerS7TMpKjxUgAhx"
228,"2EsDQ5HR1w6CaZqFFRlvFw","0yL7K9MzC20uBesZTPY81r"
229,"2EsDQ5HR1w6CaZqFFRlvFw","2wG1R0uDFwyobcWzVssC1J"
230,"2EsDQ5HR1w6CaZqFFRlvFw","0LusmZxCOC4aoaXZ98QsIQ"
231,"2EsDQ5HR1w6CaZqFFRlvFw","2FYGZDfsAnNsrm1gVbyKnG"
232,"2EsDQ5HR1w6CaZqFFRlvFw","4qsOrxBv09HhNSpsgMRXdC"
233,"2EsDQ5HR1w6CaZqFFRlvFw","5V4eZM5o0inDvkwN6GuywE"
234,"2EsDQ5HR1w6CaZqFFRlvFw","2yESwIR0YXuAmH8vhKd0RO"
235,"2EsDQ5HR1w6CaZqFFRlvFw","3Dx6Wk14yRdWlQonXjDG0h"
236,"2EsDQ5HR1w6CaZqFFRlvFw","3sFh9lzuy6wPPE8ZOBiz9t"
237,"2EsDQ5HR1w6CaZqFFRlvFw","73W3MxxTA0XatZjoETfenP"
238,"2EsDQ5HR1w6CaZqFFRlvFw","5tsZhNReVq3xM9tBnZXGiN"
239,"2EsDQ5HR1w6CaZqFFRlvFw","5irKKFoCUyKFq8rvtSBIYM"
240,"2EsDQ5HR1w6CaZqFFRlvFw","1IIoQ4SDLTA1I0KU5mHlgl"
241,"2EsDQ5HR1w6CaZqFFRlvFw","7oOZ6CmKSUUgTtVIYPJiNk"
242,"2EsDQ5HR1w6CaZqFFRlvFw","67gqD6EJDCau4xFlCfCZqB"
243,"2EsDQ5HR1w6CaZqFFRlvFw","4ZREaPhlA5mqZMFTSQBfzw"
244,"2EsDQ5HR1w6CaZqFFRlvFw","6U1QwYRPTJHnnIdFWMESR5"
245,"2EsDQ5HR1w6CaZqFFRlvFw","75u1dnmswow4MPd3ymUeE2"
246,"2EsDQ5HR1w6CaZqFFRlvFw","5qEEAaLmldzSSFQjj6eJb3"
247,"2EsDQ5HR1w6CaZqFFRlvFw","5PzzpWrRjoKmA1nzYasTL1"
248,"2EsDQ5HR1w6CaZqFFRlvFw","7aZusA4cWXz3Wv9e9uhavz"
249,"2EsDQ5HR1w6CaZqFFRlvFw","7Fs9HEgqVaimmuhawL80Bs"
250,"2EsDQ5HR1w6CaZqFFRlvFw","7bp3zmEvpHLa0h32nhDUkB"
251,"2EsDQ5HR1w6CaZqFFRlvFw","7KXjTSCq5nL1LoYtL7XAwS"
252,"2EsDQ5HR1w6CaZqFFRlvFw","13ByyMSg4Svkdp6iXlID9v"
253,"2EsDQ5HR1w6CaZqFFRlvFw","3ViRhW8LYXatYrIS31bm8e"
254,"2EsDQ5HR1w6CaZqFFRlvFw","6DVSzsdJnck4VYnYQFS6Av"
255,"2EsDQ5HR1w6CaZqFFRlvFw","1AQH4K1OX1KHbTt5ojMonp"
256,"2EsDQ5HR1w6CaZqFFRlvFw","3RPfO0yMt84ebJLebXsxqR"
257,"2EsDQ5HR1w6CaZqFFRlvFw","0Yap9TJbljal4rkZykPi4E"
258,"2EsDQ5HR1w6CaZqFFRlvFw","4vuGFJWjZRTJPKQWYqMSve"
259,"2EsDQ5HR1w6CaZqFFRlvFw","7CBXOtoApJdYHBQo1tkXYy"
260,"2EsDQ5HR1w6CaZqFFRlvFw","6LUS8wzYE1PjcxJVayELpB"
261,"2EsDQ5HR1w6CaZqFFRlvFw","4ie4dgYqnFVI3pFoPtfvrH"
262,"2EsDQ5HR1w6CaZqFFRlvFw","1l8WNDU7Skx551xpcuSc2r"
263,"2EsDQ5HR1w6CaZqFFRlvFw","36j5Qv5r3gYNZ9cMinqhSK"
264,"2EsDQ5HR1w6CaZqFFRlvFw","2kJRlOyrxsy7Ot3c5TZ8Q6"
265,"2EsDQ5HR1w6CaZqFFRlvFw","02p0N0oWc2lNa1YPMPmLY4"
266,"2EsDQ5HR1w6CaZqFFRlvFw","79hg6hDMaymY1f6fSvYJsC"
267,"2EsDQ5HR1w6CaZqFFRlvFw","6fIjnWrv46njJHLDAY2JdC"
268,"2EsDQ5HR1w6CaZqFFRlvFw","3QKv1RIrWsLTA63oxscVrZ"
269,"2EsDQ5HR1w6CaZqFFRlvFw","1NSmibDQRQGnlmHLIR8Zt1"
270,"2EsDQ5HR1w6CaZqFFRlvFw","6kIgDh296ivSLbqC9JxWA4"
271,"2EsDQ5HR1w6CaZqFFRlvFw","7hmUr86smWd2FeviTU1P72"
272,"2EsDQ5HR1w6CaZqFFRlvFw","34dx8DACTJsc3rsJdaEIQw"
273,"2EsDQ5HR1w6CaZqFFRlvFw","3X6guo6ng87OUnPR7cSdDF"
274,"2EsDQ5HR1w6CaZqFFRlvFw","1QUW9pndO2RHzfagrZ5n1X"
275,"2EsDQ5HR1w6CaZqFFRlvFw","4ZiSCituzgOlTrtIaltv0y"
276,"2EsDQ5HR1w6CaZqFFRlvFw","1SHB1hp6267UK9bJQUxYvO"
277,"2EsDQ5HR1w6CaZqFFRlvFw","0RvQLK3wSHhRuC55sjxeSQ"
278,"2EsDQ5HR1w6CaZqFFRlvFw","1QZZnyCh9iSwI3A5SRpLJ1"
279,"2EsDQ5HR1w6CaZqFFRlvFw","3kBV6iIyeT5SCvGcVyg4pJ"
280,"2EsDQ5HR1w6CaZqFFRlvFw","3Gkszg9qdbp3fktewKAhdl"
281,"2EsDQ5HR1w6CaZqFFRlvFw","31MjSZNfVfzaewXDB5TDv7"
282,"2EsDQ5HR1w6CaZqFFRlvFw","4JrLnoppzO0xXELv0JL1fd"
283,"2EsDQ5HR1w6CaZqFFRlvFw","53mLw7fjBta4cbtDz7N2Sf"
284,"2EsDQ5HR1w6CaZqFFRlvFw","0ME0VSbe5nYsXf9V5IFZsd"
285,"2EsDQ5HR1w6CaZqFFRlvFw","09OBF8vXiOtxHpnEJhflMr"
286,"2EsDQ5HR1w6CaZqFFRlvFw","0qbIBW5hrKI6QBHEnUa4XV"
287,"2EsDQ5HR1w6CaZqFFRlvFw","56V7KhCjxj1tQyRYbK8lkK"
288,"2EsDQ5HR1w6CaZqFFRlvFw","2cNyYJO5MuW2BetbIRxY9o"
289,"2EsDQ5HR1w6CaZqFFRlvFw","7KewOaneu1MC9RRrky8Oxc"
290,"2EsDQ5HR1w6CaZqFFRlvFw","2PuqCKxKJDiSEEs7AMqYVk"
291,"2EsDQ5HR1w6CaZqFFRlvFw","0qonyoWWuQhbWzdlPhRcrn"
292,"2EsDQ5HR1w6CaZqFFRlvFw","3YvE7uo4ffseBoJPh8IhHp"
293,"2EsDQ5HR1w6CaZqFFRlvFw","2jjgNfnm0oleijwxKD2p9t"
294,"2EsDQ5HR1w6CaZqFFRlvFw","5RQjYp6OwVUsRxbd2bt7gI"
295,"2EsDQ5HR1w6CaZqFFRlvFw","3FIPUfowHbBfYfkjuNwo1j"
296,"2EsDQ5HR1w6CaZqFFRlvFw","7dGYrF99oOEVC1ONgVoemL"
297,"2EsDQ5HR1w6CaZqFFRlvFw","4fSHADbZbhpZCT9oJpxwbP"
298,"2EsDQ5HR1w6CaZqFFRlvFw","6sZYCAvTEYjTtQ9Tt5ACbX"
299,"2EsDQ5HR1w6CaZqFFRlvFw","5719MEdRQcH4c3phXqX7WN"
300,"2EsDQ5HR1w6CaZqFFRlvFw","2R9IrE42Mw4zdUXAEFNiZL"
301,"2EsDQ5HR1w6CaZqFFRlvFw","3ITkrUvAA6gzxer2UIom3P"
302,"2EsDQ5HR1w6CaZqFFRlvFw","0GzxZRSwm6bcZb985j1Y1P"
303,"2EsDQ5HR1w6CaZqFFRlvFw","28m65cMH7QXHzFnZSTtNHY"
304,"43IeRWiwHHKwJ1LCtQZUUd","2nr9WZdKntw9a5muEC3gOk"
305,"43IeRWiwHHKwJ1LCtQZUUd","1tmDa0FhMn8XSOpEJbVu25"
306,"43IeRWiwHHKwJ1LCtQZUUd","1I8tHoNBFTuoJAlh4hfVVE"
307,"43IeRWiwHHKwJ1LCtQZUUd","5TFtXTUCJ6TvblEJwEPC8h"
308,"43IeRWiwHHKwJ1LCtQZUUd","1FBuBhNZ8dmjUBWR58UOQv"
309,"43IeRWiwHHKwJ1LCtQZUUd","6ulon8Un1tOwzQbAJGZYvi"
310,"43IeRWiwHHKwJ1LCtQZUUd","51NFxnQvaosfDDutk0tams"
311,"43IeRWiwHHKwJ1LCtQZUUd","7p7GKEtJj5vhtr624s2foI"
312,"43IeRWiwHHKwJ1LCtQZUUd","4fKd5LomjShS4NgKNcGNxx"
313,"43IeRWiwHHKwJ1LCtQZUUd","16x9bQHw8TBNaGDyULvwad"
314,"43IeRWiwHHKwJ1LCtQZUUd","5N5k9nd479b1xpDZ4usjrg"
315,"43IeRWiwHHKwJ1LCtQZUUd","01TnVDiet1DFTsyWKUKovl"
316,"43IeRWiwHHKwJ1LCtQZUUd","5M6553ARsCfGVw5ji3AVo9"
317,"43IeRWiwHHKwJ1LCtQZUUd","5vczxprsg5zJWOlR7gTxEX"
318,"43IeRWiwHHKwJ1LCtQZUUd","3ee8Jmje8o58CHK66QrVC2"
319,"43IeRWiwHHKwJ1LCtQZUUd","2yZax79pOrYuyIFVW2cZY2"
320,"43IeRWiwHHKwJ1LCtQZUUd","6Ggtd1UBsm8GzMdDeEZOvO"
321,"43IeRWiwHHKwJ1LCtQZUUd","6JzCO4ZzxAXhY86vTcqM1Q"
322,"43IeRWiwHHKwJ1LCtQZUUd","6YwLgicpvVuMt1eE2OldwQ"
323,"43IeRWiwHHKwJ1LCtQZUUd","2jiPHbFX5XM8TjaTfYJ0eo"
324,"43IeRWiwHHKwJ1LCtQZUUd","4B2kkxg3wKSTZw5JPaUtzQ"
325,"43IeRWiwHHKwJ1LCtQZUUd","4hmbwcUs392W3YQzpO0fcj"
326,"43IeRWiwHHKwJ1LCtQZUUd","0ZJDuC20QYwbXzHffx6N90"
327,"43IeRWiwHHKwJ1LCtQZUUd","0OlnLZY4cmQzT6ZGttvWBM"
328,"43IeRWiwHHKwJ1LCtQZUUd","4iLqG9SeJSnt0cSPICSjxv"
329,"43IeRWiwHHKwJ1LCtQZUUd","41orgRGjAA9tEI74t1RRf2"
330,"43IeRWiwHHKwJ1LCtQZUUd","03WuFsWpkytZ6c5iidS8Im"
331,"43IeRWiwHHKwJ1LCtQZUUd","4pdPtRcBmOSQDlJ3Fk945m"
332,"43IeRWiwHHKwJ1LCtQZUUd","06KyNuuMOX1ROXRhj787tj"
333,"43IeRWiwHHKwJ1LCtQZUUd","72xvRETEsd5hS1RfduciRi"
334,"43IeRWiwHHKwJ1LCtQZUUd","4feetpQyG0yrpJ24SYqTvS"
335,"43IeRWiwHHKwJ1LCtQZUUd","0IDcqQM84frBhAJ8vXC76I"
336,"43IeRWiwHHKwJ1LCtQZUUd","4bAmAVdks2Y84VNVVLXFwN"
337,"43IeRWiwHHKwJ1LCtQZUUd","1zuKjpp4t7BS8JPKi6mkQr"
338,"43IeRWiwHHKwJ1LCtQZUUd","7ef4DlsgrMEH11cDZd32M6"
339,"43IeRWiwHHKwJ1LCtQZUUd","5AEtlRudpgdT5FtNiuly6Y"
340,"43IeRWiwHHKwJ1LCtQZUUd","5KOfgVXoUtVFoPP1DYjNkz"
341,"43IeRWiwHHKwJ1LCtQZUUd","7939IqCM95CPnCmEqYnmVQ"
342,"43IeRWiwHHKwJ1LCtQZUUd","2CB0rx28USRyMFNzeuiC2H"
343,"43IeRWiwHHKwJ1LCtQZUUd","25JC785svs9oentwDSIGOM"
344,"43IeRWiwHHKwJ1LCtQZUUd","1Qg0JhbqPhYki1a5bv7NgH"
345,"43IeRWiwHHKwJ1LCtQZUUd","3Vb2Fztrjs2HyoB1cG7uGZ"
346,"43IeRWiwHHKwJ1LCtQZUUd","2aMVyJSuDFFL1sTjJnvk7X"
347,"43IeRWiwHHKwJ1LCtQZUUd","3AJwUDP919kvQ9QcozQPxg"
348,"43IeRWiwHHKwJ1LCtQZUUd","1mea3bSkSGXuIRvnydlB5b"
349,"43IeRWiwHHKwJ1LCtQZUUd","7D0RhFcb3CrfPuTJ0obrod"
350,"43IeRWiwHHKwJ1LCtQZUUd","75JFxkI2RXiU7L9VXzMkle"
351,"43IeRWiwHHKwJ1LCtQZUUd","3w3y8KPTfNeOKPiqUTakBh"
352,"43IeRWiwHHKwJ1LCtQZUUd","6bNB5gxFX6Q87DbQWb8OWZ"
353,"43IeRWiwHHKwJ1LCtQZUUd","0nrRP2bk19rLc0orkWPQk2"
354,"43IeRWiwHHKwJ1LCtQZUUd","6JV2JOEocMgcZxYSZelKcc"
355,"43IeRWiwHHKwJ1LCtQZUUd","09CtPGIpYB4BrO8qb1RGsF"
356,"43IeRWiwHHKwJ1LCtQZUUd","3zHq9ouUJQFQRf3cm1rRLu"
357,"43IeRWiwHHKwJ1LCtQZUUd","6RtPijgfPKROxEzTHNRiDp"
358,"43IeRWiwHHKwJ1LCtQZUUd","7qiZfU4dY1lWllzX7mPBI3"
359,"43IeRWiwHHKwJ1LCtQZUUd","5Nm9ERjJZ5oyfXZTECKmRt"
360,"43IeRWiwHHKwJ1LCtQZUUd","0e7ipj03S05BNilyu5bRzt"
361,"43IeRWiwHHKwJ1LCtQZUUd","5Z3GHaZ6ec9bsiI5BenrbY"
362,"43IeRWiwHHKwJ1LCtQZUUd","2tpWsVSb9UEmDRxAl1zhX1"
363,"43IeRWiwHHKwJ1LCtQZUUd","2P4OICZRVAQcYAV2JReRfj"
364,"43IeRWiwHHKwJ1LCtQZUUd","6nek1Nin9q48AVZcWs9e9D"
365,"43IeRWiwHHKwJ1LCtQZUUd","6RtPijgfPKROxEzTHNRiDp"
366,"43IeRWiwHHKwJ1LCtQZUUd","4cktbXiXOapiLBMprHFErI"
367,"43IeRWiwHHKwJ1LCtQZUUd","1HNkqx9Ahdgi1Ixy2xkKkL"
368,"43IeRWiwHHKwJ1LCtQZUUd","5qaEfEh1AtSdrdrByCP7qR"
369,"43IeRWiwHHKwJ1LCtQZUUd","1XGmzt0PVuFgQYYnV2It7A"
370,"43IeRWiwHHKwJ1LCtQZUUd","0pqnGHJpmpxLKifKRmU6WP"
371,"43IeRWiwHHKwJ1LCtQZUUd","0tgVpDi06FyKpA1z0VMD4v"
372,"43IeRWiwHHKwJ1LCtQZUUd","4nVBt6MZDDP6tRVdQTgxJg"
373,"43IeRWiwHHKwJ1LCtQZUUd","5qqabIl2vWzo9ApSC317sa"
374,"43IeRWiwHHKwJ1LCtQZUUd","5YciOakY5dB5dULkiLdCaf"
375,"43IeRWiwHHKwJ1LCtQZUUd","7wMq5n8mYSKlQIGECKUgTX"
376,"43IeRWiwHHKwJ1LCtQZUUd","3nqqDo8CcCLke3ZoTgiOKf"
377,"43IeRWiwHHKwJ1LCtQZUUd","285hMzLhJwHVLe9QT9qilk"
378,"43IeRWiwHHKwJ1LCtQZUUd","37sINbJZcFdHFAsVNsPq1i"
379,"43IeRWiwHHKwJ1LCtQZUUd","4h9wh7iOZ0GGn8QVp4RAOB"
380,"43IeRWiwHHKwJ1LCtQZUUd","2tpWsVSb9UEmDRxAl1zhX1"
381,"43IeRWiwHHKwJ1LCtQZUUd","5r43qanLhUCdBj8HN3fa6B"
382,"43IeRWiwHHKwJ1LCtQZUUd","2KKijf6Ett4kmVNJze2roh"
383,"43IeRWiwHHKwJ1LCtQZUUd","7aS8e5XKVWDcbyn06mF9fz"
384,"43IeRWiwHHKwJ1LCtQZUUd","7Jd0MqZq15T4pDWts2G6Yl"
385,"43IeRWiwHHKwJ1LCtQZUUd","0Jc2SfIHv63JNsUZpunh54"
386,"43IeRWiwHHKwJ1LCtQZUUd","2xibxsCa7g3ScMB2vIwHWC"
387,"43IeRWiwHHKwJ1LCtQZUUd","3CKstYFeiGJMGgRpHWbUGE"
388,"43IeRWiwHHKwJ1LCtQZUUd","10PRcEnKj8J3m13s1wvjiI"
389,"43IeRWiwHHKwJ1LCtQZUUd","4WmB04GBqS4xPMYN9dHgBw"
390,"43IeRWiwHHKwJ1LCtQZUUd","7eHDn7TyswvJIfxWGtIYKk"
391,"43IeRWiwHHKwJ1LCtQZUUd","1uiU2DsVH9AIGo1JUl9tMg"
392,"43IeRWiwHHKwJ1LCtQZUUd","3ElDX6t2ayq83erLIjy3fx"
393,"43IeRWiwHHKwJ1LCtQZUUd","7eHDn7TyswvJIfxWGtIYKk"
394,"43IeRWiwHHKwJ1LCtQZUUd","19vWDttuR4ZVBzUfQFsfPS"
395,"43IeRWiwHHKwJ1LCtQZUUd","17C3EXdU2eFGKnesQTkEJr"
396,"43IeRWiwHHKwJ1LCtQZUUd","4ecwrnFDSJLlLyZlEH7YGK"
397,"43IeRWiwHHKwJ1LCtQZUUd","2SetYZYntcZBRG4PnKYej8"
398,"43IeRWiwHHKwJ1LCtQZUUd","1ndGB6rvxKYN9seCYO1dTF"
399,"43IeRWiwHHKwJ1LCtQZUUd","3ZOEytgrvLwQaqXreDs2Jx"
400,"43IeRWiwHHKwJ1LCtQZUUd","1f2V8U1BiWaC9aJWmpOARe"
401,"43IeRWiwHHKwJ1LCtQZUUd","1G391cbiT3v3Cywg8T7DM1"
402,"43IeRWiwHHKwJ1LCtQZUUd","64BbK9SFKH2jk86U3dGj2P"
403,"43IeRWiwHHKwJ1LCtQZUUd","3ycw3m6jOgoPulkdkjhH1r"
