"id_musica","id_artista","nome","duracao_segundos"
"073yIM7v2j6XadD4Nkn0Fh","6nVcHLIgY5pE2YCl8ubca1",Dile Homenaje ,229
"3IAfUEeaXRX9s9UdKOJrFI","7FNnA9vBm6EKceENgCGRMb",Envolver,194
"1Rs8mULjCbEo0ko7Ckx6Vi","4lDXfIznmGueBgTjI3qGUX",They Said with Ricky Ducati ,248
"1QxIFMs4M8qd5cbJJu80v4","6LuN9FCkKOj5PcnpouEgny",Skyline,183
"4xF4WcJvNfgtJ2CtmbbsIg","21mKp7DqtSNHhCAU2ugvUw",If You Don t feat Cumulus ,187
"5fwSHlTEWpluwOM0Sxnh5k","329e4yvIujISKGKz1BZZbO",Pepas,287
"6mmPpaltUZK7xjNlBPQQ0p","1mcTU81TzQhprhouKaTkpq",Desesperados,225
"6HMtHNpW6YPi1hrw9tgF8P","56oDRnqbIiwx4mymNEv7dS",About Damn Time,192
"5Tmjre46yj0r1lBjS9abe9","5XGMdl7ZEKx6q1WI3i3oWc",En el Aire,186
"40sRwFjfrRnaTdYPJIg4CP","3YQKmKGau1PzlVlkL1iodx",Hometown,235
"4ymz9jrj3HKWBBSYeWcxqh","1FmrdSfTqWOzQoEoaS7MWb",Don t Shoot Me Down,221
"4PKvKkQ9nnU8BVcTqve2WB","3tjF6wLt90r7qSWukrn401",Passion,304
"1BXAyGazbybUVNQ0VmGsdl","5Mq7iqCWBzofK39FBqblNc",Free Yourself,234
"23khhseCLQqVMCIT1WMAns","4gzpq5DPGxSnKTe4SA8HAU",Magic,285
"1Ma1JqyeNg7RVdeTlYP5AN","2x7EATekOPhFGRx3syMGEC",Bittersweet Symphony,280
"79wvYwZgtfcnCwBI8XIep8","25tMQOrIU4LlUo6Sv8v5SE",Always,248
"2tVJpUamLfNdUI7SiyPIFF","75oAxYtjhDyLttgvGwQIvM",In This Dark Time,208
"0tcNM9PPdMYv9S3tjuZSyV","6LHsnRBUYhFyt01PdKXAF5",Desire,352
"2aI21FnmY7TJVKeMaoQZ0t","2jw70GZXlAI8QzWeY2bgRc",Say It Right,223
"67vYdAAM3oGsEImCRfbtsF","7jy3rLJdDQY21OgRLCZ9sD",Times Like These,266
"0BCPKOYdS2jbQ8iyB56Zns","4gzpq5DPGxSnKTe4SA8HAU",Clocks,308
"4zdaqhDpl2pXrwTsqbqRG8","5rRcnWrevHgbuWjl7Lhft7",Do It,159
"6pvqBIceXlX3zC09vqHOEo","0YUntKeRMwfY3aoFZi6YX6",Flight Proven,294
"3pD0f7hSJg2XdQ6udw5Tey","31TPClRtHm23RisEBtV3X7",What Goes Around Comes Around Interlude ,449
"75rGONmoi48LLYBFaGiYsv","3NKVm2Jedcf6ibJr6pMUVx",Both Of Us Edit,229
"18ywhG9EvuMMUIdUWxEqp7","1AgxgADPuRIW1wyaA4OKcB",Go Solo,142
"4o0LyB69tylqDG6eTGhmig","7FtCyCJCJaxabYO7Uyda5B",Fire for You,232
"4MzXwWMhyBbmu6hOcLVD49","4q3ewBCX7sLwd24euuV69X",DÁKITI,205
"7stcuQtnHL7C6XdPvpwywv","6LuN9FCkKOj5PcnpouEgny",Vertigo,270
"2Iyfw8YfKruAagJwGc4G07","1AgxgADPuRIW1wyaA4OKcB",It s Ok,191
"0BomfsUcw03fQPKK668Etn","4WN5naL3ofxrVBgFpguzKo",Feel the Love feat John Newman ,245
"745YGJ8otAdLnrU8fzXZMf","6wkM5eF4WkRNOOSWmtgW7d",Sunrise,187
"70AYiGbc4mWZGEqiipBBDb","7ltDVBr6mKbRvohxheJ9h1",CANDY,193
"1yupbrI7ROhigIHpQBevPh","4MXUO7sVCaFgFjoTI5ox5c",Chicago,365
"4os68qINs29EvlHxXmsjVG","6Mn5HNY6bJSqK31cRa0uiv",Hoops Acoustic,206
"1vq1KgeHuDaS3qyhwfpF0P","6TGsaPbyXTM7FAeHi68yp7",How Could I Ever feat Shungudzo ,248
"0h9fnCSnbUgOEgibnQByFv","4gzpq5DPGxSnKTe4SA8HAU",Everyday Life,259
"6Tdkyq2BxDIRjwtXvR1ZWP","7uaIm6Pw7xplS8Dy06V6pT",Past Life,181
"0gzqZ9d1jIKo9psEIthwXe","51Blml2LZPmy7TTiAg47vQ",Beautiful Day,248
"1LBWVVGfTCr8EYNSd92W81","3Mn6d673ieRza7uw6zY2Zv",Moje Sve,162
"1lPFRP15jhkMnjpdl23c2X","5Mq7iqCWBzofK39FBqblNc",Free Yourself Eats Everything Remix,244
"0b11D9D0hMOYCIMN3OKreM","5ghnxpW47ojtLHHyTLdxdY",Into Your Arms feat Ava Max ,186
"67zr6xdiSAhsuyvL2Dczc1","0vUJ3QLN3MlRfjOc2LjGWp",Good Life Remastered Club Mix,196
"4Ojwbj9OGwenMdwoq4UU1W","3Mn6d673ieRza7uw6zY2Zv",Schwerelos,178
"2JPLbjOn0wPCngEot2STUS","4q3ewBCX7sLwd24euuV69X",Yonaguni,207
"0bBd6K5X4W7t9GyXcaVOA7","1vyhD5VmyZ7KMfW5gqLgo5",Sigue,159
"5FZPZNVIj2UPm2dJTlYdyM","6Paz0vXJJ9bCPf0fEm3qzg",Bye Bye Baby,166
"4DdD88ps8wnB4pHqMDgQnk","1ChtRJ3f4rbv4vtz87i6CD",Magical,225
"6UUEP3mPXDGp38dzQex0ef","1AgxgADPuRIW1wyaA4OKcB",Seasons Under My Bed,176
"2IIBSwTxmaff30n4GTs7Gv","6wlk4iqaEgEvADMVG6QMd8",Dead In The Water,201
"6RL874lg82xKIK67y7cmdL","0hSgRl2U8kSaJLE2Di325f",Move into Me Roosevelt Remix,260
"0xfMlIW8lS40qvpsUw1l0X","7keGfmQR4X5w0two1xKZ7d",Never Going Home,170
"5ildQOEKmJuWGl2vRkFdYc","7ltDVBr6mKbRvohxheJ9h1",DESPECHÁ,157
"6WkJ2OK163XXS2oARUC9JM","77qukKzmdI5BeMBR7WGUrN",Dancin feat Luvli Krono Remix,198
"6KNLUSRViRg5bG0E1y1feX","33Cf4O1KAVbtQa00scMi2A",Wanderlust,232
"6K8MYTkn5mZzF6p14hV5cj","24oVOFAARWAYUb1LaedbI0",MUJER,162
"2QjOHCTQ1Jl3zawyYOpxh6","77SW9BnxLY8rJ0RciFqkHh",Sweater Weather,240
"60hwCyAHX9zdcUyALMOIV4","05b8FQR9CoT2SNAXtEix5K",Play For Keeps,187
"2erg7Xduc8OHhkLepV4eER","4bL2B6hmLlMWnUEZnorEtG",Book Of Love feat Polina ,198
"3132j0P8NEPDvRxnEHjHtv","1AgxgADPuRIW1wyaA4OKcB",Going to be Wonderful,178
"1bx7OUl2UmAnA5oZkm9If7","4rGrN4XDYhP6dUAZMvcuHr",Jerk It Out,196
"0dyRc3jZrdywX7Cosd9ZFV","1fQDzf4lnUF4DYngrLJH0m",Sweeter,233
"0HgtzcG4DIziiFlg50SiAC","2Fr3thQpXvwAH6GzgVUtpY",Aching Bones,208
"43I0E943aSF6HMWPXcjLrw","3DYAP9CXyfNiM2nlu09w4i",Song to the Siren,197
"1SgUjGzbmmMOsGFTVwQ59L","7oPxPZSk7y5q0fhzpmX5Gi",seaside demo,132
"4gXjRoMPoTdK8giycHxkLY","1AgxgADPuRIW1wyaA4OKcB",How This Came To Be,169
"6kvgeyNduS0YwPKPc6hOmH","75oAxYtjhDyLttgvGwQIvM",In This Dark Time Two Are Remix,473
"76JfD8gFnMISdAnSbe3ND3","0YUntKeRMwfY3aoFZi6YX6",In the Shadow of Giants,368
"66Q3fAmSX5eHamgbKa9alP","5K4W6rqBFWDnAN6FQUkS6x",Real Friends,252
"2VIJvb5Zzba76k3L48mS0Y","6Mn5HNY6bJSqK31cRa0uiv",Hoops,228
"18yegkWg1YLPFCgif8XfaE","06knYh538h5SI7OAEF8ek3",Running Up That Hill,189
"2YG8An3j5Nj4jFaiU2Po7T","68nJ4J8L6X6HZNTuZ9e7yT","05 00AM JUNGLE CHASE",216
"2ahnofp2LbBWDXcJbMaSTu","0Suv0tRrNrUlRzAy8aXjma",What Is Love 7 Mix,270
"27NovPIUIRrOZoCHxABJwK","7jVv8c5Fj3E9VhNjxT4snq",INDUSTRY BABY feat Jack Harlow ,212
"44alNkXsYnTyPnkMdohBcx","79hrYiudVcFyyxyJW0ipTy",Bloom Online Bonus Track ,210
"4rOhAvDFLksOVSclsjWpfg","5x6OZlUVGFX4F1QHJCgysn",Gimmie Love Norenoise Remix,445
"5vTSnZTmS1gMiWuA9kDE19","4MXUO7sVCaFgFjoTI5ox5c",Futile Devices Doveman Remix ,135
"7i2DJ88J7jQ8K7zqFX2fW8","26VFTg2z8YR0cCuwLzESi2",Now Or Never,215
"1hT3eaGzrcFriQtgGdvsZv","053q0ukIDRgzwTr4vNSwab",Delicate Weapon,230
"2dko6SBrbxHL3431pvv7Zy","08Ut1tYxtmgIInVyQqohkM",Kings Queens,223
"7KokYm8cMIXCsGVmUvKtqf","06HL4z0CvFAxyc27GXpf02",Karma,205
"2PDM9Byxz5crB2IXuh2Oal","3Mn6d673ieRza7uw6zY2Zv",HIGH,184
"1HdLKOF5zmGK7hYDBQGiJr","1fQDzf4lnUF4DYngrLJH0m",After Dawn,271
"1TYlXRabF5SOS7N4YjlGAE","2fkmfYw1KeOiDLA6MHDwU8",I Took A Little Something Version,252
"1Lgvs8WzpPbT5VuUFIAJwt","2CIMQHirSU0MQqyYHq0eOx",When The Summer Dies,330
"3nEHrvNNtgLv9rneTAYVr4","1h6Cn3P4NGzXbaXidqURXs",Heaven Takes You Home feat Connie Constance ,214
"0ad5utq7FrurJIMujXWBwy","6gZBuGRyiyGkAVFCJAWdMk",Someday Harris Hurr Remix,220
"3gkiUzAUBH035zRHy7KyJg","3DiDSECUqqY1AuBP8qtaIa",It s On Again From The Amazing Spider Man 2 Soundtrack,195
"5r5cp9IpziiIsR6b93vcnQ","67hb7towEyKvt5Z8Bx306c",Walking On A Dream,198
"7BveAaCLwD7QSKOtKAolgY","1AgxgADPuRIW1wyaA4OKcB",Dabilo,156
"3fQURzoTMXzQlHy2Wsi9mB","2SabhGDiBSyaM6QSuBUVqB",Alles Gut,155
"00bz5bGRGFMfACJWfhMSxx","2ABBMkcUeM9hdpimo86mo6",Elixir,307
"23S28nUehv2TVBQx3JtIOl","2uHbjLmfTvRMiNJUQaRX9P",Wer bist Du,196
"7AWcvO4YbXqqeglNFgxH5l","7FtCyCJCJaxabYO7Uyda5B",Love on the Ground,222
"4uUG5RXrOk84mYEfFvj3cK","1Cs0zKBU1kc0i8ypK3B9ai",I m Good Blue ,175
"0U1W2LZVUX7qTm7dDpqxh6","7n2wHs1TKAczGzO7Dd2rGr",When You re Gone,172
"1v0uVPU6BWcbog5BiWLWVa","6cadOIa5DTh6a5mGo5r4bh",Hand Covers Bruise,259
"0NedagWq1HC39uEkPGL7uO","615ZycClQL8KQ8qzZiuP8T",Ghost in Me,250
"62MosvjGMQY3HeGPFEsmM1","4NHQUGzhtTLFvgF5SZesLK",No One Dies From Love,186
"3DvqF2guYuolAC6wNL7UZp","4Y7tXHSEejGu1vQ9bwDdXW",Right Here Right Now CamelPhat Remix Radio Edit,215
"6QGCHPgsXGj1wDzcpUpEUk","2hk1uSvCpeFukiszNrTxH4",Go for Liftoff,264
"15TXFTdwGEEL4jH9erTRnK","6nB0iY1cjSY1KyhYyuIIKH",ride the dragon,189
"0PaS3ff0mRTXtVgKMBWDvv","6oBm8HB0yfrIc9IHbxs6in",NO HOTEL,147
"6kZsTttxl7h4BLGSRWQnTp","6nB0iY1cjSY1KyhYyuIIKH",honda feat pa salieu ,202
"5gCNf9wMVrYuM2fvfgLTlF","7ltDVBr6mKbRvohxheJ9h1",LA COMBI VERSACE,161
"43nbNCD4RUkIfxa64HTEw4","6oBm8HB0yfrIc9IHbxs6in",YOU DON T GO AWAY,193
"31ABtQJdfloNaGz7ZhXaN5","1moxjboGR7GNWYIMWsRjgG",King,280
"6EeuY84I1Q3UJvpPN6iSzw","6nB0iY1cjSY1KyhYyuIIKH",meta angel,259
"2FYGZDfsAnNsrm1gVbyKnG","7ltDVBr6mKbRvohxheJ9h1",SAOKO,138
"15XYk3pqoI930QnqibExiy","6oBm8HB0yfrIc9IHbxs6in",HIGHWAY TO YOUR HEART,240
"5FWoBviZ0S6pNT1x0u0oxU","1ZvF4Sgnre3Rk2CpiNy077",Effeminacy,176
"1GsSM1Fju5J1Fsu51jEsTg","6nB0iY1cjSY1KyhYyuIIKH",tears in the club feat the weeknd ,197
"7qG7bsMPOmiMt0uT13cLx5","2ueoLVCXQ948OfhVvAy3Nn",Photograph,281
"3WcVlo61iEyECjLoPmar6D","6oBm8HB0yfrIc9IHbxs6in","5D",226
"2OXc8QcD79G6cnvign3cW1","7w29UYBi0qsHi5RTcv3lmA",Atopos,287
"66fCNfMdIKsXOnSphorrwg","6nB0iY1cjSY1KyhYyuIIKH",jealousy feat rema ,160
"6AerqwCmIFR3qqiskGzsYA","1ZvF4Sgnre3Rk2CpiNy077",Only Seeing God When I Come,201
"2r2l2KmLnaULSmaeB7Df8b","6oBm8HB0yfrIc9IHbxs6in",HAPPY HURTS,297
"5dEJc0rHuTVxtl1xljDbRv","6nB0iY1cjSY1KyhYyuIIKH",oh my love,226
"4xZYQAp9JlqvS60Yz0ThSe","3M3wTTCDwicRubwMyHyEDy",Shlut,133
"5sutBMiOiUbW19aLnmsGIj","6oBm8HB0yfrIc9IHbxs6in",CAROUSEL,254
"78I8jaChZbPu72bIGGPMKk","1b8kpp4DUwt1hWaxTiWQhD",Lágrimas Negras,215
"7I8UTLiBA1ptFm04WulwhH","4SQdUpG4f7UbkJG3cJ2Iyj",Prada,163
"5W2s4S60GoNsUthU51aUb8","6nB0iY1cjSY1KyhYyuIIKH",papi bones feat shygirl ,220
"3O0vXV23MIAycp16JJfz2R","6oBm8HB0yfrIc9IHbxs6in",OVER,225
"1Hohk6AufHZOrrhMXZppax","6vWDO969PvNqNYHIOW5v0m",ALIEN SUPERSTAR,215
"3YIUqLDJAlre1mfM5DvM3O","1ZvF4Sgnre3Rk2CpiNy077",All Of Your Friends Think I m Too Young For You,191
"2AuwQ8Fjkvfidwq8AAZXpy","3M3wTTCDwicRubwMyHyEDy",Cleo Edit,189
"0DA5jrXvP8ji5bULZWKWq7","6oBm8HB0yfrIc9IHbxs6in",ü i,432
"4QlMiL1BPCBzLfn1XbSkpg","7ltDVBr6mKbRvohxheJ9h1",DIABLO,166
"3F2oDw99SMB0c0zIIWMIpd","5MraexJKZDrQYzS98kNwie",High Alone,233
"1uJKTRjp5WxzrWwfElOZDp","3tJ9PkBOrG7hFkHeNM2tbw",Várias Queixas,235
"75R9r0o1HzUEYlBc2cBj2S","1ZvF4Sgnre3Rk2CpiNy077",Angel On My Shoulder,242
"6hH6QJ9ZAO0Z6m7PfvLoXW","7ltDVBr6mKbRvohxheJ9h1",CHICKEN TERIYAKI,122
"6qXcX5uTDYKCqYuqnf5C7U","5MraexJKZDrQYzS98kNwie",Marilyn Monroe,209
"3QK2bbLCTGoFXFt64e5TBY","4NHQUGzhtTLFvgF5SZesLK","2 Die 4",186
"7MRVvdYpEt0hdVigHOys6k","1ZvF4Sgnre3Rk2CpiNy077",I Need Nothing From You,218
"4kXxEhuatrvwrTQycA7s9B","7ltDVBr6mKbRvohxheJ9h1",BIZCOCHITO,109
"0TNVHzBcohllSBliWc9HVk","3M3wTTCDwicRubwMyHyEDy",SIREN,236
"24dm8rq20ZjM0RdqvAZH5T","5MraexJKZDrQYzS98kNwie",System,292
"0nh79vvOFQlp6GHBjGObOD","1ZvF4Sgnre3Rk2CpiNy077","2 Strong",220
"5WxYU8RRzy5X0kC6Fx9SpI","5TYxZTjIPqKM8K8NuP9woO",Ateo,240
"28xeM58xfbn0ahMEfjAsHP","3M3wTTCDwicRubwMyHyEDy",Woe,220
"14MmpI6ZOB9QaetEIPSzqB","12i4XNuGj3mOnIsmeyw1HR",Maresia,145
"3BQPPsoxlhuSIEPlNRHHZt","7ltDVBr6mKbRvohxheJ9h1",CUUUUuuuuuute,151
"4Dvkj6JhhA12EX05fT7y2e","6KImCVD70vtIoJWnq6nGn3",As It Was,167
"0ByTfwoYWdom6GlQ9BIdv2","6S2OmqARrzebs0tKUEyXyp",EAT ME feat Royal the Serpent ,180
"5n2xMZmypRAUKW4PkTMy9A","3M3wTTCDwicRubwMyHyEDy",Firefly,199
"6ygEPi8EtVkUO0Xarcgs63","7ltDVBr6mKbRvohxheJ9h1",MOTOMAMI,61
"6ehHe570Gv2aPvqCpmmJSZ","25uiPmTg16RbhZWAqwLBy5",Beg For You feat Rina Sawayama ,168
"3xqtvSfofDvSMVwwSbuvKi","6nB0iY1cjSY1KyhYyuIIKH",careless feat daniel caesar ,217
"03yR4z1jANazJTWMjX3rtw","3M3wTTCDwicRubwMyHyEDy",Little Bit,81
"4kroNlz8BTfswE4M0i3YCh","7ltDVBr6mKbRvohxheJ9h1",HENTAI,163
"7iqQz931tn59mK6IZ3knRx","00FQb4jTyendYWaN8pK0wa",Dealer,274
"0mjDJiWmZ548y9EUnogCP1","4SQdUpG4f7UbkJG3cJ2Iyj",Señorita,141
"2jqG9MUoQetRiQPqBUBLqX","3M3wTTCDwicRubwMyHyEDy",Nike,128
"15pRGUlhmCxtewBs42ui1N","7ltDVBr6mKbRvohxheJ9h1",SAKURA,202
"7fvTXmlzhOUE7WUD6aJC4N","00FQb4jTyendYWaN8pK0wa",Wildflower Wildfire,288
"1r4MvTc1gwfHdt2TuMMYx0","1ZvF4Sgnre3Rk2CpiNy077",Cicada feat Arca ,233
"1adTI5oaPlDMOHgTL4nzzZ","6UOcY6w4K6Ek5Lw5rFDHdP",Don t Wait For Me,198
"7H7SHw3YWXhb4zYqyoPNa1","1moxjboGR7GNWYIMWsRjgG",Free,235
"0H9k5RFDiHzL0WTPBk7Xz8","6oBm8HB0yfrIc9IHbxs6in",I Never Learn,186
"4EgGFRir6rg8sUSZewSrSg","6nB0iY1cjSY1KyhYyuIIKH",which way feat dystopia ,122
"1CWkb6uHs2tZnSOtR1mi6z","5gGBopc7iw8yLqwxfPIv3t",amor amor,145
"6N4ioa3XSbvjmwdVEERl8F","5TYxZTjIPqKM8K8NuP9woO",Nunca Estoy,162
"3BkEfblB3SnN52rRNwyPZv","1ZvF4Sgnre3Rk2CpiNy077",U Got The Fever,221
"51DyRlPy8pLq98H2f2g3pa","6nB0iY1cjSY1KyhYyuIIKH",pamplemousse,98
"6JjISShxjXOGx8C40pBtQJ","7w29UYBi0qsHi5RTcv3lmA",Fossora,259
"0mKGwFMHzTprtS2vpR3b6s","6vWDO969PvNqNYHIOW5v0m",COZY,210
"6tDbJIKGcfSWElhmtt6665","2ueoLVCXQ948OfhVvAy3Nn",Pop Song,305
"7lRy1QQG9H7LwjOK5gQNSB","5MraexJKZDrQYzS98kNwie",Amandine Insensible,255
"1nLaoWVhNRZ38irY0LZjL6","7bcbShaqKdcyjnmv4Ix8j6",Pay Your Way In Pain,184
"069LHKgjOwo1sXUztAPHIj","6oBm8HB0yfrIc9IHbxs6in",hard rain,211
"1w7cgGZR86yWz1pA2puVJD","6vWDO969PvNqNYHIOW5v0m",HEATED,261
"5EHW5jeLxiKCExufY8nZzY","1ZvF4Sgnre3Rk2CpiNy077",Naturopathe feat Charlotte Gainsbourg ,196
"534d5ANGf0pWmCe0KNTD6F","7w29UYBi0qsHi5RTcv3lmA",Ovule,218
"6Y46tOTRhkBamosyuWa6YX","7ltDVBr6mKbRvohxheJ9h1",LA FAMA,188
"1v9qtgK17jvTgBUCLzMeIF","5MraexJKZDrQYzS98kNwie",Hubris,245
"5q9F2CNzrrNQMM7l62S2c6","1ZvF4Sgnre3Rk2CpiNy077",Raising Hell,251
"7mg5wIB2b6D5K5mOhALKxs","7w29UYBi0qsHi5RTcv3lmA",Stonemilker,409
"7j3nbSiaWphYU2cFgyQXd9","7pyhre5oEEFMqcgMEvJY7q",Everything Is Embarrassing,250
"5HqP2ewvvut1OAZAZRhNm8","3M3wTTCDwicRubwMyHyEDy",Come For Me,225
"3X79t87FTGuDbrA6g2ke5R","1ZvF4Sgnre3Rk2CpiNy077",Masochism,188
"344VMZslWZrTMBjwk7sBH6","5gGBopc7iw8yLqwxfPIv3t",I míssil,312
"6FPw780c3azvSQXDuV5Z52","7bcbShaqKdcyjnmv4Ix8j6",Cruel,215
"5guwpkhQxfe25YB9ErXqGY","3M3wTTCDwicRubwMyHyEDy",Poison,168
"2wcrQZ7ZJolYEfIaPP9yL4","4Ge8xMJNwt6EEXOzVXju9a",Hit Me Where It Hurts,184
"4LIIWJjlXMftVKMQWUrxKO","5MraexJKZDrQYzS98kNwie",Human,192
"5cyKYhm8vo5edvuT5tIuQ6","43Hr2FjhVehkROIIEb7EfQ",Tu Sicaria,147
"0hp5IJ83YpnglsrvGfIhIN","4SQdUpG4f7UbkJG3cJ2Iyj",Rakata,152
"137DwYy2eUFxp9j4ta3KWU","2xe8IXgCTpwHE3eA9hTs4n",Misunderstood,102
"3jIzAeh7fhe70umAJrY3Fk","7w29UYBi0qsHi5RTcv3lmA",Hyper ballad,322
"5qspeKX1xBacLJMm2t3Yc0","3Uqu1mEdkUJxPe7s31n1M9",A Lot s Gonna Change,262
"3Ju42J1sFmVpxkGGSFpcWb","4SQdUpG4f7UbkJG3cJ2Iyj",Incendio,164
"5bZCPryqByxbKAnF2bHons","3M3wTTCDwicRubwMyHyEDy",Honey,220
"2MismgPSA3HxJUEV2pEl25","7ltDVBr6mKbRvohxheJ9h1",G3 N15,252
"1utTJXz5WzG0tONsJYKywl","6nB0iY1cjSY1KyhYyuIIKH",darjeeling feat jorja smith unknown t ,184
"15hl5FGO5b5ChONsKTLvde","7w29UYBi0qsHi5RTcv3lmA",Mycelia,120
"1YlGZLo4J0URBx31Qvd5zg","3M3wTTCDwicRubwMyHyEDy",Coochie a bedtime story ,182
"0FINLDdMl8lPmSAPy0vhib","5MraexJKZDrQYzS98kNwie",Oh My God Sleepnet X Sevdaliza Remix ,293
"7xdHw4C522RbsxHL9KD9L6","1moxjboGR7GNWYIMWsRjgG",Choreomania,213
"4t2UZTxjMqQSGJ5s2qQQzd","4xKfNBUXa00go8RU9TwwkI",Tt,163
"2dkea0PAubHwmNndWMdaT3","4xKfNBUXa00go8RU9TwwkI",Balenciaga,172
"5tUeXRC4wALw1tbdkBHvB1","4xKfNBUXa00go8RU9TwwkI",Honda,218
"0w04GDhKPgk1RS9WUuoFHL","4xKfNBUXa00go8RU9TwwkI",Mercedes,155
"2JB0TxG3w6IE8iq2Cg9EMg","4xKfNBUXa00go8RU9TwwkI",Snakes,185
"2BjbG541dRwGhaketIPEXI","34JhhuxlkDFSA5ek4AuZOp",Autumn Ring Mini Sozinho no Touge ,236
"6nkoWsFZeFt5dUdNmlIceh","7MiDcPa6UiV3In7lIM71IN",Bloqueado Ao Vivo,169
"5VTjBl3ddZEiG2LrH4VzyR","7cmuxPnXRJxwuYDHfbD8Eu",Toma Toma Vapo Vapo,157
"1zrfj0U9iWuOA7S3K4Adcl","6U98XWjrUPnPtPBjEprDmu",pela boca,231
"6NBF1PBifpgrbnHTbvy595","4xKfNBUXa00go8RU9TwwkI",Vlone,201
"36wm1WBVArEbnIgtkT3abj","3q2dSq7VZnj8TmoJUyRm40",Sunshine,184
"1oriWaCs848CzMwAh3iQIv","3ljiSwQJmAVQVOXirjA2RT",Vida Bela,271
"0udrtBC4E19RBX33bdQPLo","6U98XWjrUPnPtPBjEprDmu",enquanto recomeça,188
"1Fe0Z2hDoKhXlQQ7MfwIJc","4xKfNBUXa00go8RU9TwwkI",LV,191
"3Kk5YDf8pTK4TwQyWkBex5","0Do6bAo2kcVLp7ekzypskJ",Reunião Dos Cria,228
"4APjoR6Fmrrl707Z1cShHS","5j4HeCoUlzhfWtjAfM1acR",bâtard,209
"2wSCalnGOnXdAJC0Fn8OUY","3FlCKtwOEYQQYyGVEbxG2Z",Vai Lá Em Casa Hoje,192
"2hV1L2EMEFrpscEcwuYgnu","4xKfNBUXa00go8RU9TwwkI",Biskat Culpa do Nagalli ,154
"4wsQ8QosIoFCIeLuGUPtDW","1OFP2fSFWTfJ80rzUo5AGb",Pisando Descalço,192
"3vXnuFnC5RhPGwsFi0ORcI","5j4HeCoUlzhfWtjAfM1acR",Santé,190
"2KmoqNPLiFg07KmSvUsVCQ","0IVBT8qQNwvHLzOJL6kGpE",Mano Chao,346
"3IfRnwGbqen0CcDpyjxMJ8","4xKfNBUXa00go8RU9TwwkI",Rush,109
"72g37RoelSnovZakG5MwnF","0BHm7qbh3ENxvXzkQAG7MP",Parada Louca,179
"2RGIuYTsyyHoOCqW0krvNE","4KDxYlnGZEiS60pAnfZf4W",Coração Cachorro,151
"3IMLoeLerS7TMpKjxUgAhx","3p7PcrEHaaKLJnPUGOtRlT",Arranhão Ao Vivo,153
"0yL7K9MzC20uBesZTPY81r","1rIc4yTieeRq25NA3T8RQ5",Pandora,177
"2wG1R0uDFwyobcWzVssC1J","5wbf52LA6kcaboHSN6NEF1",GALOPA,140
"0LusmZxCOC4aoaXZ98QsIQ","7LgAW1ZiEd8f3HtCMGFaGx",Tô Feliz Matei o Presidente 2,205
"4qsOrxBv09HhNSpsgMRXdC","1yR65psqiazQpeM79CcGh8",Esqueça Me Se For Capaz,169
"5V4eZM5o0inDvkwN6GuywE","1EVpn7mXyF07LuJqgUk6RX",Your Body feat Michael Marshall Cat Dealers Extended,264
"2yESwIR0YXuAmH8vhKd0RO","4xKfNBUXa00go8RU9TwwkI",Nintendo Switch,260
"3Dx6Wk14yRdWlQonXjDG0h","6U98XWjrUPnPtPBjEprDmu",primavera,249
"3sFh9lzuy6wPPE8ZOBiz9t","1QBWA6tuiZ0JuDluPqbe71",Bonde da Fumaça feat Murda Beatz ,237
"73W3MxxTA0XatZjoETfenP","2Ig1qV7rQGQtBWKa8mynIl",Regras da Loja,231
"5tsZhNReVq3xM9tBnZXGiN","34JhhuxlkDFSA5ek4AuZOp",Monstro,230
"5irKKFoCUyKFq8rvtSBIYM","2AasvmwafZPTgQANaoLoQY",Sem Chão,247
"1IIoQ4SDLTA1I0KU5mHlgl","1QBWA6tuiZ0JuDluPqbe71",POC POC,224
"7oOZ6CmKSUUgTtVIYPJiNk","6ZnwtQznVleZpEkQINdyfG",Nipsey do Azul,205
"67gqD6EJDCau4xFlCfCZqB","34JhhuxlkDFSA5ek4AuZOp",Piloto,215
"4ZREaPhlA5mqZMFTSQBfzw","12YpLBd0FvDYA0c4nsaxFp",Perfume,204
"6U1QwYRPTJHnnIdFWMESR5","0L7NGVE2t7zDGOL3x53Axo",Vou Te Iludir,204
"75u1dnmswow4MPd3ymUeE2","47BEc2RoW53owMyxacXWdV",Just Wanna Be Loved feat Coldabank ,198
"5qEEAaLmldzSSFQjj6eJb3","4xKfNBUXa00go8RU9TwwkI",Diñero,193
"5PzzpWrRjoKmA1nzYasTL1","6W2jVpE55n1wT0SrpxoeFk",Wallpaper,192
"7aZusA4cWXz3Wv9e9uhavz","5nP8x4uEFjAAmDzwOEc9b8",Quer Voar,188
"7Fs9HEgqVaimmuhawL80Bs","3q2dSq7VZnj8TmoJUyRm40",Pressure,198
"7bp3zmEvpHLa0h32nhDUkB","5j4HeCoUlzhfWtjAfM1acR",L enfer,190
"7KXjTSCq5nL1LoYtL7XAwS","2YZyLoL8N0Wb9xBt1NhZWg",HUMBLE ,177
"13ByyMSg4Svkdp6iXlID9v","6kT18gnkVrCz8xJQcrib7L",Lovin You,194
"3ViRhW8LYXatYrIS31bm8e","4bYwbb6k4ujHD2NXRxSwRP",Funkatron,189
"6DVSzsdJnck4VYnYQFS6Av","2SlZVZE3TXpp604Gh8t0ZW",Monza Drift,246
"1AQH4K1OX1KHbTt5ojMonp","2AasvmwafZPTgQANaoLoQY",Codeine,329
"3RPfO0yMt84ebJLebXsxqR","34JhhuxlkDFSA5ek4AuZOp",Autobahn Tempo ,165
"0Yap9TJbljal4rkZykPi4E","3jNm5wvIx1eR5NDdXhMkNV",Vertigo Cat Dealers Remix,185
"4vuGFJWjZRTJPKQWYqMSve","0L7NGVE2t7zDGOL3x53Axo",Na Onda do Berimbau,155
"7CBXOtoApJdYHBQo1tkXYy","12YpLBd0FvDYA0c4nsaxFp",PQTNV,170
"6LUS8wzYE1PjcxJVayELpB","34JhhuxlkDFSA5ek4AuZOp",Pleasurekraft,165
"4ie4dgYqnFVI3pFoPtfvrH","3q2dSq7VZnj8TmoJUyRm40",Stronger,181
"1l8WNDU7Skx551xpcuSc2r","0L7NGVE2t7zDGOL3x53Axo",Red de Maracujá,154
"36j5Qv5r3gYNZ9cMinqhSK","1beK7BpUs2hTagfzLUb1HB",AIAI,146
"2kJRlOyrxsy7Ot3c5TZ8Q6","4JNo6Q5KdcRf1vtSX9mB0S",Meu Pedaço de Pecado,157
"02p0N0oWc2lNa1YPMPmLY4","3q2dSq7VZnj8TmoJUyRm40",Hypnotized,179
"79hg6hDMaymY1f6fSvYJsC","0L7NGVE2t7zDGOL3x53Axo",Gute Gute Hoje Eu Vou Curtir ,142
"6fIjnWrv46njJHLDAY2JdC","0EeQBlQJFiAfJeVN2vT9s0",Dedication feat Kendrick Lamar ,246
"3QKv1RIrWsLTA63oxscVrZ","4JNo6Q5KdcRf1vtSX9mB0S",Meu Bem,140
"1NSmibDQRQGnlmHLIR8Zt1","3q2dSq7VZnj8TmoJUyRm40",Nobody Does It,175
"6kIgDh296ivSLbqC9JxWA4","0L7NGVE2t7zDGOL3x53Axo",Vida Bandida,141
"7hmUr86smWd2FeviTU1P72","2iNFFCEAFdfAV5hPdpMk6x",Bendito,178
"34dx8DACTJsc3rsJdaEIQw","5j4HeCoUlzhfWtjAfM1acR",Papaoutai,232
"3X6guo6ng87OUnPR7cSdDF","3q2dSq7VZnj8TmoJUyRm40",Club Addict,159
"1QUW9pndO2RHzfagrZ5n1X","0L7NGVE2t7zDGOL3x53Axo",Tchau Bebê,130
"4ZiSCituzgOlTrtIaltv0y","2tlVTICT6ZiPqTErp5CD48",No Colo do Pai,188
"1SHB1hp6267UK9bJQUxYvO","1nVq0hKIVReeaiB3xJgKf0",Судно Борис Рижий ,141
"0RvQLK3wSHhRuC55sjxeSQ","6t1gpxYbY8OlLA7D2RiikQ",Mistakes,154
"1QZZnyCh9iSwI3A5SRpLJ1","0L7NGVE2t7zDGOL3x53Axo",Saudade De Um Piseiro,129
"3kBV6iIyeT5SCvGcVyg4pJ","0yLwGBQiBqhXOvmTfH2A7n",Kill or Become,231
"3Gkszg9qdbp3fktewKAhdl","12YpLBd0FvDYA0c4nsaxFp",Fire,135
"31MjSZNfVfzaewXDB5TDv7","5veVxxPm1vzgi6pO2iVA8L",Where d U Go,163
"4JrLnoppzO0xXELv0JL1fd","0L7NGVE2t7zDGOL3x53Axo",Saudade de Um Piseiro,129
"53mLw7fjBta4cbtDz7N2Sf","7EyzyrMNgqiK8bMrbkOT9l",Mi adama,268
"0ME0VSbe5nYsXf9V5IFZsd","5JHYuwE2n7bleXMUsmtCW5",Lucro Descomprimindo ,246
"09OBF8vXiOtxHpnEJhflMr","4cdyqaBREB68H77QKCrKP1",Good Good,142
"0qbIBW5hrKI6QBHEnUa4XV","0L7NGVE2t7zDGOL3x53Axo",Pela Estrada Fora,129
"56V7KhCjxj1tQyRYbK8lkK","1OFP2fSFWTfJ80rzUo5AGb",Saudades do Tempo,239
"2cNyYJO5MuW2BetbIRxY9o","3zRsSdPeUYBcjWXlX2HXVW",Tokyo,228
"7KewOaneu1MC9RRrky8Oxc","6cEuCEZu7PAE9ZSzLLc2oQ",Sad Boy feat Ava Max Kylie Cantrall Cat Dealers Remix,135
"2PuqCKxKJDiSEEs7AMqYVk","0L7NGVE2t7zDGOL3x53Axo",Rave do Piseirão,119
"0qonyoWWuQhbWzdlPhRcrn","1OFP2fSFWTfJ80rzUo5AGb",Daquele Jeito,207
"3YvE7uo4ffseBoJPh8IhHp","1yR65psqiazQpeM79CcGh8",Presepada,196
"2jjgNfnm0oleijwxKD2p9t","3q2dSq7VZnj8TmoJUyRm40",Scars,171
"5RQjYp6OwVUsRxbd2bt7gI","0L7NGVE2t7zDGOL3x53Axo",Revoadinha,119
"3FIPUfowHbBfYfkjuNwo1j","5K854sjdzabwOy9KltU3Po",Subaru,193
"7dGYrF99oOEVC1ONgVoemL","3zRsSdPeUYBcjWXlX2HXVW",Houston,203
"4fSHADbZbhpZCT9oJpxwbP","3whgFbrRxsOmYVrq3t4hCY",Ameaça,188
"6sZYCAvTEYjTtQ9Tt5ACbX","0L7NGVE2t7zDGOL3x53Axo",São João Chegou,115
"5719MEdRQcH4c3phXqX7WN","1LIuN7ov1IBQDdLsU83ojl",Mal Feito Ao Vivo,178
"2R9IrE42Mw4zdUXAEFNiZL","7cmuxPnXRJxwuYDHfbD8Eu",Senta Danada,173
"3ITkrUvAA6gzxer2UIom3P","1elUiq4X7pxej6FRlrEzjM",Molhando o Volante,163
"0GzxZRSwm6bcZb985j1Y1P","0L7NGVE2t7zDGOL3x53Axo",Unha de Gel,187
"28m65cMH7QXHzFnZSTtNHY","1yR65psqiazQpeM79CcGh8",Não Sei o Que Lá,170
"2nr9WZdKntw9a5muEC3gOk","7COP1HCvVq1cIpZcLQYoNe",In My Head,355
"1tmDa0FhMn8XSOpEJbVu25","5TrkbV9x6OdTBlzWPJeBz5",Out Of My System,203
"1I8tHoNBFTuoJAlh4hfVVE","23fqKkggKUBHNkbKtXEls4",Firestone,272
"5TFtXTUCJ6TvblEJwEPC8h","1U87DE2XoQB4FZOCOOGJl5",Drown My Feelings,125
"1FBuBhNZ8dmjUBWR58UOQv","1AUZYkS7eLmZUnBjQyJmwf",Tell Me Why I m Waiting,124
"6ulon8Un1tOwzQbAJGZYvi","2jpQ0ywffgVHhZFQNWaWYW",Astronomia,201
"51NFxnQvaosfDDutk0tams","6qqNVTkY8uBg9cP3Jd7DAH",bellyache,179
"7p7GKEtJj5vhtr624s2foI","6HQ6vf4AloXyVNdyJhrX1J",Blind Faith feat Paul Cook ,218
"4fKd5LomjShS4NgKNcGNxx","3EpmmPtV7DduqNmeqaADIm",Don t Need U,335
"16x9bQHw8TBNaGDyULvwad","15UsOTVnJzReFVN1VCnxy4",before I close my eyes,100
"5N5k9nd479b1xpDZ4usjrg","7CajNmpbOovFoOoasH2HaY",Promises with Sam Smith ,213
"01TnVDiet1DFTsyWKUKovl","15UsOTVnJzReFVN1VCnxy4",NUMB,186
"5M6553ARsCfGVw5ji3AVo9","5wo7dlNLNdFmaaU7NTtdoT",All I Need,155
"5vczxprsg5zJWOlR7gTxEX","5wo7dlNLNdFmaaU7NTtdoT",Palm Trees,205
"3ee8Jmje8o58CHK66QrVC2","15UsOTVnJzReFVN1VCnxy4",SAD ,167
"2yZax79pOrYuyIFVW2cZY2","15UsOTVnJzReFVN1VCnxy4",Carry On,130
"6Ggtd1UBsm8GzMdDeEZOvO","5sm0jQ1mq0dusiLtDJ2b4R",Opus,543
"6JzCO4ZzxAXhY86vTcqM1Q","5vBSrE1xujD2FXYRarbAXc",Desire Gryffin Remix,269
"6YwLgicpvVuMt1eE2OldwQ","6VD4UEUPvtsemqD3mmTqCR",Five More Hours,212
"2jiPHbFX5XM8TjaTfYJ0eo","1hzfo8twXdOegF3xireCYs",Stolen Dance,314
"4B2kkxg3wKSTZw5JPaUtzQ","2sf28o6euxEDpYkG9dMtuM",On On,207
"4hmbwcUs392W3YQzpO0fcj","6zVFRTB0Y1whWyH7ZNmywf",Notion,341
"0ZJDuC20QYwbXzHffx6N90","5CdJjUi9f0cVgo9nFuJrFa",Fade feat Zak Waters ,208
"0OlnLZY4cmQzT6ZGttvWBM","60d24wfXkVzDSfLS6hyCjZ",So Far Away feat Jamie Scott Romy Dya ,184
"4iLqG9SeJSnt0cSPICSjxv","6VuMaDnrHyPL1p4EHjYLi7",Attention,211
"41orgRGjAA9tEI74t1RRf2","6U4Nq3gt4qG0uiSrehna6o",Face,228
"03WuFsWpkytZ6c5iidS8Im","6msJKphD3VXZPItnztefdH",Bloodstream,314
"4pdPtRcBmOSQDlJ3Fk945m","540vIaP2JwjQb9dm3aArA4",Let Me Love You,206
"06KyNuuMOX1ROXRhj787tj","6VuMaDnrHyPL1p4EHjYLi7",We Don t Talk Anymore feat Selena Gomez ,218
"72xvRETEsd5hS1RfduciRi","7DMveApC7UnC2NPfPvlHSU",Let Me Hold You Turn Me On ,162
"4feetpQyG0yrpJ24SYqTvS","6psCCMHymYfQy6VvYRr6cs",You Are The Solution Chez Remix ,176
"0IDcqQM84frBhAJ8vXC76I","4X0v8sFoDZ6rIfkeOeVm2i",Younger Kygo Remix,352
"4bAmAVdks2Y84VNVVLXFwN","20gsENnposVs2I4rQ5kvrf",Show Me Love EDX Remix Radio Edit,180
"1zuKjpp4t7BS8JPKi6mkQr","3iOvXCl6edW5Um0fXEBRXy",Angels,172
"7ef4DlsgrMEH11cDZd32M6","7CajNmpbOovFoOoasH2HaY",One Kiss with Dua Lipa ,215
"5AEtlRudpgdT5FtNiuly6Y","5p7f24Rk5HkUZsaS3BLG5F",Let Me Go with Alesso Florida Georgia Line watt ,175
"5KOfgVXoUtVFoPP1DYjNkz","2C9n4tQgNLhHPhSCmdsQnk",Spotlight Down,190
"7939IqCM95CPnCmEqYnmVQ","24Hb4GKFYquK73R8mTyInu",Satisfied,230
"2CB0rx28USRyMFNzeuiC2H","1HTNX85tbadWVlvW6lthQK",Black Swan,209
"25JC785svs9oentwDSIGOM","77LJGQaAD2DQ8IJXEJK4PX",Shine,204
"1Qg0JhbqPhYki1a5bv7NgH","6YvP6AXefuZ3bROoEVjCiY",Save Me,211
"3Vb2Fztrjs2HyoB1cG7uGZ","1NyxTiCivDmzgFWYD1V01m",Don t Know You feat Jake Miller ,190
"2aMVyJSuDFFL1sTjJnvk7X","3vQ0GE3mI0dAaxIMYe5g7z",Nena Maldición feat Lenny Tavárez ,229
"3AJwUDP919kvQ9QcozQPxg","4gzpq5DPGxSnKTe4SA8HAU",Yellow,267
"1mea3bSkSGXuIRvnydlB5b","4gzpq5DPGxSnKTe4SA8HAU",Viva La Vida,242
"7D0RhFcb3CrfPuTJ0obrod","4gzpq5DPGxSnKTe4SA8HAU",Sparks,227
"75JFxkI2RXiU7L9VXzMkle","4gzpq5DPGxSnKTe4SA8HAU",The Scientist,310
"3w3y8KPTfNeOKPiqUTakBh","0du5cEVh5yTK9QJze8zA0C",Locked out of Heaven,233
"6bNB5gxFX6Q87DbQWb8OWZ","0EmeFodog0BfCgMzAIvKQp",Waka Waka This Time for Africa The Official 2010 FIFA World Cup TM Song feat Freshlyground ,203
"0nrRP2bk19rLc0orkWPQk2","1vCWHaC5f2uS3yhpwWbIA6",Wake Me Up,247
"6JV2JOEocMgcZxYSZelKcc","31TPClRtHm23RisEBtV3X7",CAN T STOP THE FEELING from DreamWorks Animation s TROLLS ,236
"09CtPGIpYB4BrO8qb1RGsF","1uNFoZAHBGtllmzznpCI3s",Sorry,201
"3zHq9ouUJQFQRf3cm1rRLu","0X2BH1fck6amBIoJhDVmmJ",Love Me Like You Do From Fifty Shades Of Grey ,253
"6RtPijgfPKROxEzTHNRiDp","0DxeaLnv6SyYk2DOqkLO8c",Rude,225
"7qiZfU4dY1lWllzX7mPBI3","6eUKZXaKkcviH0Ku9w2n3V",Shape of You,234
"5Nm9ERjJZ5oyfXZTECKmRt","2wY79sveU1sp5g7SokKOiI",Stay With Me,173
"0e7ipj03S05BNilyu5bRzt","246dkjvS1zLTtiykXe5h60",rockstar feat 21 Savage ,218
"5Z3GHaZ6ec9bsiI5BenrbY","6LuN9FCkKOj5PcnpouEgny",Young Dumb Broke,203
"2tpWsVSb9UEmDRxAl1zhX1","5Pwc4xIPtQLFEnJriah9YJ",Counting Stars,257
"2P4OICZRVAQcYAV2JReRfj","1vCWHaC5f2uS3yhpwWbIA6",Waiting For Love,231
"6nek1Nin9q48AVZcWs9e9D","4gzpq5DPGxSnKTe4SA8HAU",Paradise,279
"4cktbXiXOapiLBMprHFErI","04gDigrS5kc9YWfZHwBETP",Memories,189
"1HNkqx9Ahdgi1Ixy2xkKkL","6eUKZXaKkcviH0Ku9w2n3V",Photograph,259
"5qaEfEh1AtSdrdrByCP7qR","53XhwfbYqKCa1cC15pYq2q",Demons,178
"1XGmzt0PVuFgQYYnV2It7A","04gDigrS5kc9YWfZHwBETP",Payphone,231
"0pqnGHJpmpxLKifKRmU6WP","53XhwfbYqKCa1cC15pYq2q",Believer,204
"0tgVpDi06FyKpA1z0VMD4v","6eUKZXaKkcviH0Ku9w2n3V",Perfect,263
"4nVBt6MZDDP6tRVdQTgxJg","4AK6F7OLvEQ5QYCBNiQWHq",Story of My Life,245
"5qqabIl2vWzo9ApSC317sa","2DaxqgrOhkeH0fpeiQq2f4",Wonderwall Remastered,259
"5YciOakY5dB5dULkiLdCaf","2DaxqgrOhkeH0fpeiQq2f4",Stop Crying Your Heart Out,303
"7wMq5n8mYSKlQIGECKUgTX","3AQRLZ9PuTAozP28Skbq8V",Hall of Fame feat will i am ,203
"3nqqDo8CcCLke3ZoTgiOKf","3AQRLZ9PuTAozP28Skbq8V",The Man Who Can t Be Moved,241
"285hMzLhJwHVLe9QT9qilk","3AQRLZ9PuTAozP28Skbq8V",Breakeven,261
"37sINbJZcFdHFAsVNsPq1i","3AQRLZ9PuTAozP28Skbq8V",Superheroes,245
"4h9wh7iOZ0GGn8QVp4RAOB","5Pwc4xIPtQLFEnJriah9YJ",I Ain t Worried,148
"5r43qanLhUCdBj8HN3fa6B","5Pwc4xIPtQLFEnJriah9YJ",Sunshine,164
"2KKijf6Ett4kmVNJze2roh","3yzRiNMZdTsSUgplcyYZ4i",The Git Up,201
"7aS8e5XKVWDcbyn06mF9fz","7yxi31szvlbwvKq9dYOmFI",Candles,149
"7Jd0MqZq15T4pDWts2G6Yl","7MSUfLeTdDEoZiJPDSBXgi",Emerald and Stone,132
"0Jc2SfIHv63JNsUZpunh54","4tZwfgrHOc3mvqYlEYSvVi",Solar Sailer From TRON Legacy Score,162
"2xibxsCa7g3ScMB2vIwHWC","4OA32fupbR1suJd44PZJxU",Train From Paris,268
"3CKstYFeiGJMGgRpHWbUGE","7yxi31szvlbwvKq9dYOmFI",Monsters Theme,296
"10PRcEnKj8J3m13s1wvjiI","3We2SFbH59mXg6D42TPhWJ",Cotton Spheres,175
"4WmB04GBqS4xPMYN9dHgBw","0YC192cP3KPCRWx8zr8MfZ",Day One,199
"7eHDn7TyswvJIfxWGtIYKk","2tqQ33SdGO1LqNg8DQDCio",Blur,116
"1uiU2DsVH9AIGo1JUl9tMg","2CiO7xWdwPMDlVwlt9qa1f",Take Me Back,176
"3ElDX6t2ayq83erLIjy3fx","6XfzIkZ3Qel4Lvhba67CqC",Coral Reef,162
"19vWDttuR4ZVBzUfQFsfPS","3tSvlEzeDnVbQJBTkIA6nO",Pastoral,221
"17C3EXdU2eFGKnesQTkEJr","4nMIbZxtt1kWqUZ8VNKvjU",Once Around,222
"4ecwrnFDSJLlLyZlEH7YGK","592TFYwu9Qb0RC1hKDbX2w",Nothing It Can,288
"2SetYZYntcZBRG4PnKYej8","5xaGKkAq8iQ3R3FfIL3DMG",India,535
"1ndGB6rvxKYN9seCYO1dTF","0L8ExT028jH3ddEcZwqJJ5",The Zephyr Song,232
"3ZOEytgrvLwQaqXreDs2Jx","0L8ExT028jH3ddEcZwqJJ5",Can t Stop,269
"1f2V8U1BiWaC9aJWmpOARe","0L8ExT028jH3ddEcZwqJJ5",By the Way,217
"1G391cbiT3v3Cywg8T7DM1","0L8ExT028jH3ddEcZwqJJ5",Scar Tissue,216
"64BbK9SFKH2jk86U3dGj2P","0L8ExT028jH3ddEcZwqJJ5",Otherside,255
"3ycw3m6jOgoPulkdkjhH1r","165ZgPlLkK7bf5bDoFc6Sb",Boiler,420
